<?xml version="1.0" encoding="UTF-8"?>
<beans xmlns="http://www.springframework.org/schema/beans"
	xmlns:xsi="http://www.w3.org/2001/XMLSchema-instance"
	xmlns:context="http://www.springframework.org/schema/context"
	xmlns:p="http://www.springframework.org/schema/p"
	xsi:schemaLocation="http://www.springframework.org/schema/beans http://www.springframework.org/schema/beans/spring-beans.xsd">
	<bean id="urlMappingWithControllers" class="org.springframework.web.servlet.mvc.support.ControllerClassNameHandlerMapping" p:alwaysUseFullPath="true" p:order="0"/>
	<bean id="viewResolver" class="org.springframework.web.servlet.view.InternalResourceViewResolver" p:viewClass="org.springframework.web.servlet.view.JstlView" p:prefix="/" p:suffix=".jsp"/>
	<bean id="indexController" class="controller.IndexController">
		<property name="teamDao"><ref bean="teamDao"/></property>
	</bean>
	<bean id="loginController" class="controller.LoginController">
  		<property name="playerDao" ref="playerDao"></property>
	</bean>
	<bean name="hello" class="controller.HelloController"/>
	<bean id="dataSource" class="org.springframework.jdbc.datasource.DriverManagerDataSource">
		<property name="driverClassName"><value>com.mysql.jdbc.Driver</value></property>
		<property name="url"><value>jdbc:mysql://localhost/spring</value></property>
		<property name="username"><value>root</value></property>
		<property name="password"><value>1234</value></property>
	</bean>
	<bean id="shopService" class="logic.ShopImpl">
		<property name="itemCatalog"><ref bean="itemCatalog"/></property>
	</bean>
	<bean id="itemCatalog" class="logic.ItemCatalogImpl">
		<property name="itemDao"><ref bean="itemDao"/></property>
	</bean>
	<bean id="itemDao" class="dao.ItemDaoImpl">
		<property name="dataSource"><ref bean="dataSource"/></property>
	</bean>
	<bean id="teamDao" class="dao.impl.TeamDaoImpl">
      <property name="dataSource" ref="dataSource"></property>
   </bean>
   <bean id="playerDao" class="dao.impl.PlayerDaoImpl">
      <property name="dataSource" ref="dataSource"></property>
   </bean>
   <!-- 각종 빈 -->

  

 
 
</beans>
